group_id,source_sheet,source_row,service_no,guest_type,pax_clean,queue_start,queue_end,meal_start_clean,meal_end_clean,table_code,service_status,wait_minutes_recorded,wait_minutes_strict,meal_minutes,queue_observed,walkaway,queue_eligible,meal_eligible,pax_eligible,table_status,table_units_confirmed,needs_review,review_reason
133_1,133,2,1,In house,1,,,06:42:00,07:00:00,6,direct_meal,,,18.0,0,0,0,1,1,needs_mapping,,1,รหัสโต๊ะต้องยืนยัน
133_2,133,3,2,Walk in,2,,,06:44:00,07:10:00,2,direct_meal,,,26.0,0,0,0,1,1,needs_mapping,,1,รหัสโต๊ะต้องยืนยัน
133_3,133,4,3,Walk in,2,,,07:05:00,08:08:00,7A,direct_meal,,,63.0,0,0,0,1,1,documented,7A,0,
133_4,133,5,4,In house,1,,,07:20:00,08:18:00,8A,direct_meal,,,58.0,0,0,0,1,1,documented,8A,0,
133_5,133,6,5,In house,1,,,07:25:00,07:45:00,10A,direct_meal,,,20.0,0,0,0,1,1,documented,10A,0,
133_6,133,7,6,In house,1,,,07:28:00,08:20:00,8B,direct_meal,,,52.0,0,0,0,1,1,documented,8B,0,
133_7,133,8,7,In house,1,,,07:33:00,08:05:00,9,direct_meal,,,32.0,0,0,0,1,1,needs_mapping,,1,รหัสโต๊ะต้องยืนยัน
133_8,133,9,8,Walk in,5,,,07:42:00,08:40:00,4,direct_meal,,,58.0,0,0,0,1,1,needs_mapping,,1,รหัสโต๊ะต้องยืนยัน
133_9,133,10,9,In house,4,,,07:48:00,08:21:00,11,direct_meal,,,33.0,0,0,0,1,1,needs_mapping,,1,รหัสโต๊ะต้องยืนยัน
133_10,133,11,10,In house,2,,,07:48:00,08:35:00,16,direct_meal,,,47.0,0,0,0,1,1,needs_mapping,,1,รหัสโต๊ะต้องยืนยัน
133_11,133,12,11,Walk in,2,,,07:50:00,08:48:00,6,direct_meal,,,58.0,0,0,0,1,1,needs_mapping,,1,รหัสโต๊ะต้องยืนยัน
133_12,133,13,12,In house,1,,,07:56:00,08:15:00,7B,direct_meal,,,19.0,0,0,0,1,1,documented,7B,0,
133_13,133,14,13,In house,1,,,07:59:00,08:35:00,10A,direct_meal,,,36.0,0,0,0,1,1,documented,10A,0,
133_14,133,15,14,Walk in,1,,,08:00:00,09:19:00,1,direct_meal,,,79.0,0,0,0,1,1,needs_mapping,,1,รหัสโต๊ะต้องยืนยัน
133_15,133,16,15,Walk in,1,,,08:03:00,08:27:00,8C,direct_meal,,,24.0,0,0,0,1,1,documented,8C,0,
133_16,133,17,16,In house,2,,,08:05:00,08:25:00,12,direct_meal,,,20.0,0,0,0,1,1,documented,12,0,
133_17,133,18,17,In house,1,,,08:14:00,09:03:00,14,direct_meal,,,49.0,0,0,0,1,1,documented,14,0,
133_18,133,19,18,Walk in,2,,,08:15:00,09:30:00,7A,direct_meal,,,75.0,0,0,0,1,1,documented,7A,0,
133_19,133,20,19,In house,1,,,08:16:00,09:05:00,15A,direct_meal,,,49.0,0,0,0,1,1,needs_mapping,,1,รหัสโต๊ะต้องยืนยัน
133_20,133,21,20,In house,1,,,08:19:00,08:35:00,10B,direct_meal,,,16.0,0,0,0,1,1,documented,10B,0,
133_21,133,22,21,Walk in,4,,,08:24:00,10:46:00,3,direct_meal,,,142.0,0,0,0,1,1,needs_mapping,,1,รหัสโต๊ะต้องยืนยัน
133_22,133,23,22,In house,2,,,08:25:00,09:22:00,5,direct_meal,,,57.0,0,0,0,1,1,needs_mapping,,1,รหัสโต๊ะต้องยืนยัน
133_23,133,24,23,Walk in,2,,,08:25:00,10:12:00,2,direct_meal,,,107.0,0,0,0,1,1,needs_mapping,,1,รหัสโต๊ะต้องยืนยัน
133_24,133,25,24,Walk in,1,,,08:33:00,09:30:00,8A,direct_meal,,,57.0,0,0,0,1,1,documented,8A,0,
133_25,133,26,25,Walk in,1,,,08:41:00,09:25:00,11A,direct_meal,,,44.0,0,0,0,1,1,documented,11A,0,
133_26,133,27,26,Walk in,1,,,08:43:00,09:35:00,16,direct_meal,,,52.0,0,0,0,1,1,needs_mapping,,1,รหัสโต๊ะต้องยืนยัน
133_27,133,28,27,In house,1,,,08:47:00,09:18:00,12,direct_meal,,,31.0,0,0,0,1,1,documented,12,0,
133_28,133,29,28,In house,2,,,08:53:00,09:28:00,10A,direct_meal,,,35.0,0,0,0,1,1,documented,10A,0,
133_29,133,30,29,In house,1,,,08:53:00,09:13:00,7B,direct_meal,,,20.0,0,0,0,1,1,documented,7B,0,
133_30,133,31,30,In house,3,,,09:00:00,09:33:00,6,direct_meal,,,33.0,0,0,0,1,1,needs_mapping,,1,รหัสโต๊ะต้องยืนยัน
133_31,133,32,31,Walk in,2,,,09:05:00,10:00:00,4,direct_meal,,,55.0,0,0,0,1,1,needs_mapping,,1,รหัสโต๊ะต้องยืนยัน
133_32,133,33,32,In house,2,,,09:05:00,09:39:00,8B,direct_meal,,,34.0,0,0,0,1,1,documented,8B,0,
133_33,133,34,33,Walk in,2,,,09:07:00,10:07:00,15A,direct_meal,,,60.0,0,0,0,1,1,needs_mapping,,1,รหัสโต๊ะต้องยืนยัน
133_34,133,35,34,In house,2,,,09:08:00,10:09:00,8A,direct_meal,,,61.0,0,0,0,1,1,documented,8A,0,
133_35,133,36,35,Walk in,2,,,09:16:00,10:06:00,8,direct_meal,,,50.0,0,0,0,1,1,needs_mapping,,1,รหัสโต๊ะต้องยืนยัน
133_36,133,37,36,In house,1,,,09:23:00,09:57:00,12,direct_meal,,,34.0,0,0,0,1,1,documented,12,0,
133_37,133,38,37,In house,1,,,08:28:00,09:30:00,7C,direct_meal,,,62.0,0,0,0,1,1,documented,7C,0,
133_38,133,39,38,In house,1,,,09:30:00,10:05:00,11A,direct_meal,,,35.0,0,0,0,1,1,documented,11A,0,
133_39,133,40,39,In house,3,,,09:36:00,10:50:00,1,direct_meal,,,74.0,0,0,0,1,1,needs_mapping,,1,รหัสโต๊ะต้องยืนยัน
133_40,133,41,40,Walk in,2,,,09:34:00,10:40:00,5,direct_meal,,,66.0,0,0,0,1,1,needs_mapping,,1,รหัสโต๊ะต้องยืนยัน
133_41,133,42,41,In house,2,,,09:42:00,10:30:00,6,direct_meal,,,48.0,0,0,0,1,1,needs_mapping,,1,รหัสโต๊ะต้องยืนยัน
133_42,133,43,42,Walk in,1,,,09:53:00,11:00:00,7A,direct_meal,,,67.0,0,0,0,1,1,documented,7A,0,
133_43,133,44,43,In house,2,,,09:55:00,10:34:00,16,direct_meal,,,39.0,0,0,0,1,1,needs_mapping,,1,รหัสโต๊ะต้องยืนยัน
133_44,133,45,44,In house,2,,,10:03:00,10:35:00,7B,direct_meal,,,32.0,0,0,0,1,1,documented,7B,0,
133_45,133,46,45,In house,2,,,10:05:00,11:06:00,12,direct_meal,,,61.0,0,0,0,1,1,documented,12,0,
133_46,133,47,46,In house,2,,,10:08:00,10:50:00,10A,direct_meal,,,42.0,0,0,0,1,1,documented,10A,0,
133_47,133,48,47,Walk in,2,,,10:10:00,11:10:00,8B,direct_meal,,,60.0,0,0,0,1,1,documented,8B,0,
133_48,133,49,48,In house,2,,,10:20:00,10:57:00,4,direct_meal,,,37.0,0,0,0,1,1,needs_mapping,,1,รหัสโต๊ะต้องยืนยัน
133_49,133,50,49,Walk in,2,,,10:32:00,11:00:00,2,direct_meal,,,28.0,0,0,0,1,1,needs_mapping,,1,รหัสโต๊ะต้องยืนยัน
133_50,133,51,50,Walk in,2,,,10:35:00,11:20:00,6,direct_meal,,,45.0,0,0,0,1,1,needs_mapping,,1,รหัสโต๊ะต้องยืนยัน
133_51,133,52,51,In house,2,,,10:45:00,11:27:00,5,direct_meal,,,42.0,0,0,0,1,1,needs_mapping,,1,รหัสโต๊ะต้องยืนยัน
133_52,133,53,52,Walk in,2,,,10:53:00,11:57:00,9,direct_meal,,,64.0,0,0,0,1,1,needs_mapping,,1,รหัสโต๊ะต้องยืนยัน
133_53,133,54,53,Walk in,2,,,10:58:00,11:57:00,1,direct_meal,,,59.0,0,0,0,1,1,needs_mapping,,1,รหัสโต๊ะต้องยืนยัน
133_54,133,55,54,Walk in,2,,,11:00:00,12:03:00,4,direct_meal,,,63.0,0,0,0,1,1,needs_mapping,,1,รหัสโต๊ะต้องยืนยัน
133_55,133,56,55,Walk in,2,,,11:00:00,11:45:00,16,direct_meal,,,45.0,0,0,0,1,1,needs_mapping,,1,รหัสโต๊ะต้องยืนยัน
133_56,133,57,56,In house,2,,,11:15:00,11:43:00,3,direct_meal,,,28.0,0,0,0,1,1,needs_mapping,,1,รหัสโต๊ะต้องยืนยัน
133_57,133,58,57,Walk in,2,,,11:16:00,12:00:00,2,direct_meal,,,44.0,0,0,0,1,1,needs_mapping,,1,รหัสโต๊ะต้องยืนยัน
143_1,143,2,1,Walk in,1,,,06:29:00,10:14:00,5B,direct_meal,,,225.0,0,0,0,1,1,documented,5B,0,
143_2,143,3,2,Walk in,2,,,06:32:00,08:02:00,7A,direct_meal,,,90.0,0,0,0,1,1,documented,7A,0,
143_3,143,4,3,Walk in,1,,,06:33:00,07:47:00,1A,direct_meal,,,74.0,0,0,0,1,1,documented,1A,0,
143_4,143,5,4,Walk in,4,,,06:33:00,08:09:00,4B,direct_meal,,,96.0,0,0,0,1,1,documented,4B,0,
143_5,143,6,5,Walk in,2,,,06:36:00,07:45:00,16,direct_meal,,,69.0,0,0,0,1,1,needs_mapping,,1,รหัสโต๊ะต้องยืนยัน
143_6,143,7,6,Walk in,1,,,06:44:00,07:16:00,3,direct_meal,,,32.0,0,0,0,1,1,needs_mapping,,1,รหัสโต๊ะต้องยืนยัน
143_7,143,8,7,Walk in,1,,,06:44:00,08:27:00,6,direct_meal,,,103.0,0,0,0,1,1,needs_mapping,,1,รหัสโต๊ะต้องยืนยัน
143_8,143,9,8,Walk in,1,,,06:44:00,07:48:00,11,direct_meal,,,64.0,0,0,0,1,1,needs_mapping,,1,รหัสโต๊ะต้องยืนยัน
143_9,143,10,9,Walk in,2,,,06:48:00,07:50:00,4A,direct_meal,,,62.0,0,0,0,1,1,documented,4A,0,
143_10,143,11,10,Walk in,1,07:07:00,07:15:00,07:17:00,09:26:00,3B,queued_meal,8.0,8.0,129.0,1,0,1,1,1,documented,3B,0,
143_11,143,12,11,Walk in,1,,,07:08:00,07:50:00,11,direct_meal,,,42.0,0,0,0,1,1,needs_mapping,,1,รหัสโต๊ะต้องยืนยัน
143_12,143,13,12,In house,2,,,07:15:00,08:27:00,8B,direct_meal,,,72.0,0,0,0,1,1,documented,8B,0,
143_13,143,14,13,In house,2,,,07:25:00,08:27:00,8C,direct_meal,,,62.0,0,0,0,1,1,documented,8C,0,
143_14,143,15,14,Walk in,1,,,07:26:00,08:36:00,8A,direct_meal,,,70.0,0,0,0,1,1,documented,8A,0,
143_15,143,16,15,In house,2,,,07:28:00,08:19:00,7B,direct_meal,,,51.0,0,0,0,1,1,documented,7B,0,
143_16,143,17,16,Walk in,4,,,07:29:00,08:38:00,15,direct_meal,,,69.0,0,0,0,1,1,documented,15,0,
143_17,143,18,17,In house,2,,,07:35:00,08:07:00,9A,direct_meal,,,32.0,0,0,0,1,1,documented,9A,0,
143_18,143,19,18,In house,2,,,07:38:00,08:30:00,14,direct_meal,,,52.0,0,0,0,1,1,documented,14,0,
143_19,143,20,19,Walk in,2,,,07:40:00,09:31:00,12,direct_meal,,,111.0,0,0,0,1,1,documented,12,0,
143_20,143,21,20,Walk in,1,,,07:47:00,08:13:00,7C,direct_meal,,,26.0,0,0,0,1,1,documented,7C,0,
143_21,143,22,21,In house,2,,,07:49:00,08:12:00,16,direct_meal,,,23.0,0,0,0,1,1,needs_mapping,,1,รหัสโต๊ะต้องยืนยัน
143_22,143,23,22,Walk in,3,,,07:51:00,10:15:00,11,direct_meal,,,144.0,0,0,0,1,1,needs_mapping,,1,รหัสโต๊ะต้องยืนยัน
143_23,143,24,23,In house,1,,,07:55:00,08:19:00,1A,direct_meal,,,24.0,0,0,0,1,1,documented,1A,0,
143_24,143,25,24,In house,2,,,07:57:00,08:25:00,10B,direct_meal,,,28.0,0,0,0,1,1,documented,10B,0,
143_25,143,26,25,In house,2,,,08:02:00,08:36:00,9B,direct_meal,,,34.0,0,0,0,1,1,documented,9B,0,
143_26,143,27,26,Walk in,4,,,08:05:00,09:21:00,2,direct_meal,,,76.0,0,0,0,1,1,needs_mapping,,1,รหัสโต๊ะต้องยืนยัน
143_27,143,28,27,Walk in,2,,,08:06:00,08:28:00,4A,direct_meal,,,22.0,0,0,0,1,1,documented,4A,0,
143_28,143,29,28,In house,1,,,08:12:00,08:48:00,1B,direct_meal,,,36.0,0,0,0,1,1,documented,1B,0,
143_29,143,30,29,In house,4,,,08:13:00,08:50:00,4B,direct_meal,,,37.0,0,0,0,1,1,documented,4B,0,
143_30,143,31,30,Walk in,2,,,08:14:00,09:46:00,7A,direct_meal,,,92.0,0,0,0,1,1,documented,7A,0,
143_31,143,32,31,Walk in,1,,,08:20:00,09:41:00,1A,direct_meal,,,81.0,0,0,0,1,1,documented,1A,0,
143_32,143,33,32,Walk in,2,,,08:17:00,09:30:00,16,direct_meal,,,73.0,0,0,0,1,1,needs_mapping,,1,รหัสโต๊ะต้องยืนยัน
143_33,143,34,33,Walk in,4,,,08:29:00,09:46:00,6,direct_meal,,,77.0,0,0,0,1,1,needs_mapping,,1,รหัสโต๊ะต้องยืนยัน
143_34,143,35,34,Walk in,2,,,08:20:00,10:00:00,7C,direct_meal,,,100.0,0,0,0,1,1,documented,7C,0,
143_35,143,36,35,In house,1,,,08:23:00,08:48:00,7B,direct_meal,,,25.0,0,0,0,1,1,documented,7B,0,
143_36,143,37,36,Walk in,2,,,08:23:00,09:12:00,9A,direct_meal,,,49.0,0,0,0,1,1,documented,9A,0,
143_37,143,38,37,Walk in,2,08:25:00,08:48:00,08:48:00,10:05:00,1B,queued_meal,23.0,23.0,77.0,1,0,1,1,1,documented,1B,0,
143_38,143,39,38,Walk in,2,,,08:29:00,10:21:00,8B,direct_meal,,,112.0,0,0,0,1,1,documented,8B,0,
143_39,143,40,39,Walk in,1,,,08:34:00,10:49:00,10B,direct_meal,,,135.0,0,0,0,1,1,documented,10B,0,
143_40,143,41,40,In house,5,,,08:43:00,09:50:00,13-14,direct_meal,,,67.0,0,0,0,1,1,documented,13 | 14,0,
143_41,143,42,41,In house,1,,,08:46:00,09:24:00,10A,direct_meal,,,38.0,0,0,0,1,1,documented,10A,0,
143_42,143,43,42,Walk in,2,,,08:50:00,09:17:00,9B,direct_meal,,,27.0,0,0,0,1,1,documented,9B,0,
143_43,143,44,43,Walk in,4,,,08:51:00,09:41:00,15,direct_meal,,,50.0,0,0,0,1,1,documented,15,0,
143_44,143,45,44,In house,2,,,08:52:00,09:25:00,3B,direct_meal,,,33.0,0,0,0,1,1,documented,3B,0,
143_45,143,46,45,In house,1,,,08:54:00,09:30:00,8C,direct_meal,,,36.0,0,0,0,1,1,documented,8C,0,
143_46,143,47,46,In house,2,,,08:55:00,09:35:00,7B,direct_meal,,,40.0,0,0,0,1,1,documented,7B,0,
143_47,143,48,47,Walk in,1,08:56:00,09:00:00,09:00:00,10:09:00,8A,queued_meal,4.0,4.0,69.0,1,0,1,1,1,documented,8A,0,
143_48,143,49,48,Walk in,1,08:56:00,09:12:00,09:12:00,11:00:00,9A,queued_meal,16.0,16.0,108.0,1,0,1,1,1,documented,9A,0,
143_49,143,50,49,Walk in,3,09:08:00,09:23:00,09:23:00,10:08:00,1B-2A,queued_meal,15.0,15.0,45.0,1,0,1,1,1,documented,1B | 2A,0,
143_50,143,51,50,Walk in,1,09:09:00,09:24:00,09:24:00,09:45:00,10A,queued_meal,15.0,15.0,21.0,1,0,1,1,1,documented,10A,0,
143_51,143,52,51,In house,2,09:10:00,09:20:00,09:20:00,09:44:00,99,queued_meal,10.0,10.0,24.0,1,0,1,1,1,queue_area_99,,0,
143_52,143,53,52,In house,2,09:10:00,09:25:00,09:25:00,09:52:00,3B,queued_meal,15.0,15.0,27.0,1,0,1,1,1,documented,3B,0,
143_53,143,54,53,In house,2,09:11:00,09:43:00,09:43:00,10:18:00,15,queued_meal,32.0,32.0,35.0,1,0,1,1,1,documented,15,0,
143_54,143,55,54,In house,2,09:14:00,09:30:00,09:30:00,09:52:00,4A,queued_meal,16.0,16.0,22.0,1,0,1,1,1,documented,4A,0,
143_55,143,56,55,Walk in,1,09:15:00,09:36:00,09:36:00,11:48:00,9B,queued_meal,21.0,21.0,132.0,1,0,1,1,1,documented,9B,0,
143_56,143,57,56,In house,2,09:15:00,09:38:00,09:38:00,10:21:00,13,queued_meal,23.0,23.0,43.0,1,0,1,1,1,documented,13,0,
143_57,143,58,57,Walk in,2,09:21:00,09:39:00,09:39:00,10:27:00,7B,queued_meal,18.0,18.0,48.0,1,0,1,1,1,documented,7B,0,
143_58,143,59,58,In house,1,09:21:00,09:42:00,,,,walk_away,21.0,21.0,,1,1,1,0,1,no_table,,0,
143_59,143,60,59,Walk in,2,09:22:00,09:42:00,09:42:00,11:03:00,1A,queued_meal,20.0,20.0,81.0,1,0,1,1,1,documented,1A,0,
143_60,143,61,60,Walk in,1,09:31:00,09:48:00,09:48:00,11:21:00,7A,queued_meal,17.0,17.0,93.0,1,0,1,1,1,documented,7A,0,
143_61,143,62,61,Walk in,2,09:32:00,09:54:00,09:54:00,10:56:00,4A,queued_meal,22.0,22.0,62.0,1,0,1,1,1,documented,4A,0,
143_62,143,63,62,Walk in,2,09:36:00,09:51:00,09:51:00,11:23:00,4B,queued_meal,15.0,15.0,92.0,1,0,1,1,1,documented,4B,0,
143_63,143,64,63,Walk in,2,09:40:00,09:52:00,09:52:00,10:40:00,5A,queued_meal,12.0,12.0,48.0,1,0,1,1,1,documented,5A,0,
143_64,143,65,64,Walk in,3,,,09:57:00,11:28:00,2B-3A,direct_meal,,,91.0,0,0,0,1,1,documented,2B | 3A,0,
143_65,143,66,65,Walk in,2,,,09:59:00,10:45:00,10A,direct_meal,,,46.0,0,0,0,1,1,documented,10A,0,
143_66,143,67,66,Walk in,2,,,10:00:00,11:27:00,14,direct_meal,,,87.0,0,0,0,1,1,documented,14,0,
143_67,143,68,67,Walk in,2,,,10:04:00,11:25:00,6,direct_meal,,,81.0,0,0,0,1,1,needs_mapping,,1,รหัสโต๊ะต้องยืนยัน
143_68,143,69,68,Walk in,2,,,10:05:00,11:21:00,7C,direct_meal,,,76.0,0,0,0,1,1,documented,7C,0,
143_69,143,70,69,Walk in,1,,,10:11:00,10:22:00,8A,direct_meal,,,11.0,0,0,0,1,1,documented,8A,0,
143_70,143,71,70,In house,2,,,10:12:00,11:00:00,13,direct_meal,,,48.0,0,0,0,1,1,documented,13,0,
143_71,143,72,71,In house,2,,,10:16:00,10:38:00,11,direct_meal,,,22.0,0,0,0,1,1,needs_mapping,,1,รหัสโต๊ะต้องยืนยัน
143_72,143,73,72,Walk in,1,,,10:14:00,11:37:00,5B,direct_meal,,,83.0,0,0,0,1,1,documented,5B,0,
143_73,143,74,73,Walk in,1,,,10:19:00,10:42:00,16,direct_meal,,,23.0,0,0,0,1,1,needs_mapping,,1,รหัสโต๊ะต้องยืนยัน
143_74,143,75,74,Walk in,1,,,10:23:00,11:23:00,8B,direct_meal,,,60.0,0,0,0,1,1,documented,8B,0,
143_75,143,76,75,In house,2,,,10:25:00,11:05:00,8A,direct_meal,,,40.0,0,0,0,1,1,documented,8A,0,
143_76,143,77,76,Walk in,2,,,10:26:00,11:19:00,8C,direct_meal,,,53.0,0,0,0,1,1,documented,8C,0,
143_77,143,78,77,Walk in,2,,,10:30:00,12:00:00,7B,direct_meal,,,90.0,0,0,0,1,1,documented,7B,0,
143_78,143,79,78,Walk in,3,,,10:41:00,11:54:00,1B-2A,direct_meal,,,73.0,0,0,0,1,1,documented,1B | 2A,0,
143_79,143,80,79,Walk in,1,,,11:00:00,11:29:00,16,direct_meal,,,29.0,0,0,0,1,1,needs_mapping,,1,รหัสโต๊ะต้องยืนยัน
143_80,143,81,80,In house,2,,,11:24:00,12:25:00,1A,direct_meal,,,61.0,0,0,0,1,1,documented,1A,0,
143_81,143,82,81,Walk in,2,,,11:45:00,12:31:00,6,direct_meal,,,46.0,0,0,0,1,1,needs_mapping,,1,รหัสโต๊ะต้องยืนยัน
153_1,153,2,1,Walk in,2,,,06:50:00,08:08:00,10B,direct_meal,,,78.0,0,0,0,1,1,documented,10B,0,
153_2,153,3,2,Walk in,1,,,06:53:00,07:50:00,1,direct_meal,,,57.0,0,0,0,1,1,needs_mapping,,1,รหัสโต๊ะต้องยืนยัน
153_3,153,4,3,Walk in,1,,,06:57:00,08:45:00,7A,direct_meal,,,108.0,0,0,0,1,1,documented,7A,0,
153_4,153,5,4,Walk in,3,,,07:02:00,08:00:00,3B,direct_meal,,,58.0,0,0,0,1,1,documented,3B,0,
153_5,153,6,5,Walk in,2,,,07:12:00,08:12:00,4A,direct_meal,,,60.0,0,0,0,1,1,documented,4A,0,
153_6,153,7,6,In house,2,,,07:13:00,08:05:00,5B,direct_meal,,,52.0,0,0,0,1,1,documented,5B,0,
153_7,153,8,7,Walk in,,,,07:15:00,10:00:00,11A,direct_meal,,,165.0,0,0,0,1,0,documented,11A,1,จำนวนคนไม่ถูกต้อง
153_8,153,9,8,Walk in,3,,,07:35:00,09:14:00,6,direct_meal,,,99.0,0,0,0,1,1,needs_mapping,,1,รหัสโต๊ะต้องยืนยัน
153_9,153,10,9,In house,1,,,07:35:00,08:00:00,7B,direct_meal,,,25.0,0,0,0,1,1,documented,7B,0,
153_10,153,11,10,Walk in,3,,,07:49:00,09:10:00,2,direct_meal,,,81.0,0,0,0,1,1,needs_mapping,,1,รหัสโต๊ะต้องยืนยัน
153_11,153,12,11,Walk in,2,,,07:51:00,09:27:00,1A,direct_meal,,,96.0,0,0,0,1,1,documented,1A,0,
153_12,153,13,12,Walk in,1,,,07:59:00,09:35:00,16,direct_meal,,,96.0,0,0,0,1,1,needs_mapping,,1,รหัสโต๊ะต้องยืนยัน
153_13,153,14,13,In house,2,,,07:59:00,08:27:00,8B,direct_meal,,,28.0,0,0,0,1,1,documented,8B,0,
153_14,153,15,14,Walk in,4,,,08:00:00,10:46:00,15,direct_meal,,,166.0,0,0,0,1,1,documented,15,0,
153_15,153,16,15,Walk in,2,,,08:02:00,09:20:00,1B,direct_meal,,,78.0,0,0,0,1,1,documented,1B,0,
153_16,153,17,16,Walk in,1,,,08:03:00,09:22:00,8C,direct_meal,,,79.0,0,0,0,1,1,documented,8C,0,
153_17,153,18,17,Walk in,3,,,08:04:00,09:24:00,3B,direct_meal,,,80.0,0,0,0,1,1,documented,3B,0,
153_18,153,19,18,In house,4,,,08:05:00,09:50:00,13-14,direct_meal,,,105.0,0,0,0,1,1,documented,13 | 14,0,
153_19,153,20,19,Walk in,2,,,08:10:00,10:30:00,4B,direct_meal,,,140.0,0,0,0,1,1,documented,4B,0,
153_20,153,21,20,Walk in,2,,,08:10:00,09:54:00,10A,direct_meal,,,104.0,0,0,0,1,1,documented,10A,0,
153_21,153,22,21,In house,,,,08:12:00,11:05:00,4A,direct_meal,,,173.0,0,0,0,1,0,documented,4A,1,จำนวนคนไม่ถูกต้อง
153_22,153,23,22,In house,2,,,08:12:00,09:50:00,9,direct_meal,,,98.0,0,0,0,1,1,needs_mapping,,1,รหัสโต๊ะต้องยืนยัน
153_23,153,24,23,Walk in,2,,,09:13:00,09:42:00,4A,direct_meal,,,29.0,0,0,0,1,1,documented,4A,0,
153_24,153,25,24,Walk in,2,,,08:14:00,10:15:00,10B,direct_meal,,,121.0,0,0,0,1,1,documented,10B,0,
153_25,153,26,25,Walk in,2,,,08:15:00,10:07:00,12,direct_meal,,,112.0,0,0,0,1,1,documented,12,0,
153_26,153,27,26,Walk in,2,,,08:16:00,09:33:00,7C,direct_meal,,,77.0,0,0,0,1,1,documented,7C,0,
153_27,153,28,27,Walk in,2,,,08:16:00,09:12:00,7B,direct_meal,,,56.0,0,0,0,1,1,documented,7B,0,
153_28,153,29,28,In house,,08:16:00,09:04:00,,,,walk_away,48.0,48.0,,1,1,1,0,0,no_table,,1,จำนวนคนไม่ถูกต้อง
153_29,153,30,29,Walk in,2,08:16:00,09:05:00,09:05:00,11:35:00,11B,queued_meal,49.0,49.0,150.0,1,0,1,1,1,documented,11B,0,
153_30,153,31,30,In house,2,08:16:00,08:29:00,08:29:00,09:00:00,8B,queued_meal,13.0,13.0,31.0,1,0,1,1,1,documented,8B,0,
153_31,153,32,31,In house,1,08:17:00,08:45:00,08:45:00,09:30:00,7A,queued_meal,28.0,28.0,45.0,1,0,1,1,1,documented,7A,0,
153_32,153,33,32,Walk in,3,08:18:00,09:10:00,09:10:00,10:33:00,2,queued_meal,52.0,52.0,83.0,1,0,1,1,1,needs_mapping,,1,รหัสโต๊ะต้องยืนยัน
153_33,153,34,33,Walk in,3,08:20:00,09:13:00,09:13:00,10:20:00,3,queued_meal,53.0,53.0,67.0,1,0,1,1,1,needs_mapping,,1,รหัสโต๊ะต้องยืนยัน
153_34,153,35,34,Walk in,2,08:30:00,09:15:00,09:15:00,09:41:00,7B,queued_meal,45.0,45.0,26.0,1,0,1,1,1,documented,7B,0,
153_35,153,36,35,Walk in,4,08:35:00,09:16:00,09:16:00,10:03:00,6,queued_meal,41.0,41.0,47.0,1,0,1,1,1,needs_mapping,,1,รหัสโต๊ะต้องยืนยัน
153_36,153,37,36,Walk in,4,08:40:00,09:27:00,09:27:00,10:44:00,4B/5A,queued_meal,47.0,47.0,77.0,1,0,1,1,1,slash_needs_confirmation,,1,รหัสโต๊ะต้องยืนยัน
153_37,153,38,37,In house,2,08:44:00,09:20:00,,,,walk_away,36.0,36.0,,1,1,1,0,1,no_table,,0,
153_38,153,39,38,Walk in,3,08:46:00,09:50:00,09:50:00,12:00:00,9,queued_meal,64.0,64.0,130.0,1,0,1,1,1,needs_mapping,,1,รหัสโต๊ะต้องยืนยัน
153_39,153,40,39,Walk in,1,08:48:00,09:00:00,09:00:00,10:52:00,8B,queued_meal,12.0,12.0,112.0,1,0,1,1,1,documented,8B,0,
153_40,153,41,40,In house,,08:50:00,09:20:00,,,,walk_away,30.0,30.0,,1,1,1,0,0,no_table,,1,จำนวนคนไม่ถูกต้อง
153_41,153,42,41,Walk in,1,08:53:00,09:25:00,09:25:00,10:01:00,1B,queued_meal,32.0,32.0,36.0,1,0,1,1,1,documented,1B,0,
153_42,153,43,42,In house,1,08:54:00,09:25:00,09:25:00,10:05:00,1A,queued_meal,31.0,31.0,40.0,1,0,1,1,1,documented,1A,0,
153_43,153,44,43,Walk in,2,08:57:00,09:25:00,09:25:00,11:41:00,8C,queued_meal,28.0,28.0,136.0,1,0,1,1,1,documented,8C,0,
153_44,153,45,44,Walk in,3,08:58:00,09:33:00,09:33:00,10:44:00,7A,queued_meal,35.0,35.0,71.0,1,0,1,1,1,documented,7A,0,
153_45,153,46,45,Walk in,2,08:16:00,09:07:00,09:07:00,09:47:00,8A,queued_meal,51.0,51.0,40.0,1,0,1,1,1,documented,8A,0,
153_46,153,47,46,In house,2,09:08:00,09:40:00,09:40:00,10:13:00,16,queued_meal,32.0,32.0,33.0,1,0,1,1,1,needs_mapping,,1,รหัสโต๊ะต้องยืนยัน
153_47,153,48,47,Walk in,3,09:08:00,10:05:00,10:05:00,12:00:00,6,queued_meal,57.0,57.0,115.0,1,0,1,1,1,needs_mapping,,1,รหัสโต๊ะต้องยืนยัน
153_48,153,49,48,In house,2,09:10:00,09:17:00,,,,walk_away,7.0,7.0,,1,1,1,0,1,no_table,,0,
153_49,153,50,49,Walk in,,09:10:00,09:55:00,,,,walk_away,45.0,45.0,,1,1,1,0,0,no_table,,1,จำนวนคนไม่ถูกต้อง
153_50,153,51,50,Walk in,5,09:10:00,09:55:00,09:55:00,11:25:00,4A/11B,queued_meal,45.0,45.0,90.0,1,0,1,1,1,slash_needs_confirmation,,1,รหัสโต๊ะต้องยืนยัน
153_51,153,52,51,In house,1,09:17:00,10:05:00,10:05:00,11:14:00,1A,queued_meal,48.0,48.0,69.0,1,0,1,1,1,documented,1A,0,
153_52,153,53,52,Walk in,3,09:25:00,10:09:00,10:09:00,11:20:00,12,queued_meal,44.0,44.0,71.0,1,0,1,1,1,documented,12,0,
153_53,153,54,53,Walk in,3,09:25:00,10:11:00,10:11:00,11:35:00,11A,queued_meal,46.0,46.0,84.0,1,0,1,1,1,documented,11A,0,
153_54,153,55,54,In house,5,09:33:00,10:17:00,10:17:00,11:00:00,16,queued_meal,44.0,44.0,43.0,1,0,1,1,1,needs_mapping,,1,รหัสโต๊ะต้องยืนยัน
153_55,153,56,55,In house,4,09:35:00,10:30:00,,,,walk_away,55.0,55.0,,1,1,1,0,1,no_table,,0,
153_56,153,57,56,Walk in,2,09:36:00,10:35:00,10:35:00,11:10:00,2,queued_meal,59.0,59.0,35.0,1,0,1,1,1,needs_mapping,,1,รหัสโต๊ะต้องยืนยัน
153_57,153,58,57,Walk in,1,09:37:00,10:45:00,10:45:00,11:15:00,7A,queued_meal,68.0,68.0,30.0,1,0,1,1,1,documented,7A,0,
153_58,153,59,58,Walk in,2,09:37:00,09:48:00,,,,walk_away,11.0,11.0,,1,1,1,0,1,no_table,,0,
153_59,153,60,59,In house,2,09:38:00,10:45:00,10:45:00,11:30:00,4B/5A,queued_meal,67.0,67.0,45.0,1,0,1,1,1,slash_needs_confirmation,,1,รหัสโต๊ะต้องยืนยัน
153_60,153,61,60,Walk in,,09:40:00,10:48:00,,,,walk_away,68.0,68.0,,1,1,1,0,0,no_table,,1,จำนวนคนไม่ถูกต้อง
153_61,153,62,61,Walk in,2,09:42:00,10:50:00,10:50:00,11:55:00,15A,queued_meal,68.0,68.0,65.0,1,0,1,1,1,needs_mapping,,1,รหัสโต๊ะต้องยืนยัน
153_62,153,63,62,Walk in,2,09:45:00,10:50:00,10:50:00,11:26:00,15B,queued_meal,65.0,65.0,36.0,1,0,1,1,1,needs_mapping,,1,รหัสโต๊ะต้องยืนยัน
153_63,153,64,63,In house,2,09:46:00,10:55:00,10:55:00,12:07:00,8B,queued_meal,69.0,69.0,72.0,1,0,1,1,1,documented,8B,0,
153_64,153,65,64,Walk in,2,09:47:00,11:03:00,11:03:00,11:43:00,7C,queued_meal,76.0,76.0,40.0,1,0,1,1,1,documented,7C,0,
153_65,153,66,65,Walk in,2,09:57:00,11:05:00,,,,walk_away,68.0,68.0,,1,1,1,0,1,no_table,,0,
153_66,153,67,66,Walk in,4,10:07:00,11:05:00,11:05:00,12:25:00,3,queued_meal,58.0,58.0,80.0,1,0,1,1,1,needs_mapping,,1,รหัสโต๊ะต้องยืนยัน
153_67,153,68,67,Walk in,2,10:15:00,11:06:00,,,10A,queued_meal,51.0,,,1,0,0,0,1,documented,10A,1,เวลาคิวและมื้ออาหารขัดกัน
153_68,153,69,68,Walk in,2,09:10:00,10:30:00,10:30:00,12:10:00,5B,queued_meal,80.0,80.0,100.0,1,0,1,1,1,documented,5B,0,
153_69,153,70,69,Walk in,1,10:23:00,11:09:00,11:09:00,12:20:00,4A,queued_meal,46.0,46.0,71.0,1,0,1,1,1,documented,4A,0,
153_70,153,71,70,Walk in,1,10:24:00,11:09:00,11:09:00,12:10:00,8A,queued_meal,45.0,45.0,61.0,1,0,1,1,1,documented,8A,0,
153_71,153,72,71,Walk in,1,10:25:00,11:15:00,,,,walk_away,50.0,50.0,,1,1,1,0,1,no_table,,0,
153_72,153,73,72,Walk in,1,10:40:00,11:10:00,11:10:00,11:50:00,2B,queued_meal,30.0,30.0,40.0,1,0,1,1,1,documented,2B,0,
153_73,153,74,73,Walk in,2,10:41:00,11:12:00,11:12:00,11:43:00,16,queued_meal,31.0,31.0,31.0,1,0,1,1,1,needs_mapping,,1,รหัสโต๊ะต้องยืนยัน
153_74,153,75,74,Walk in,1,10:53:00,11:05:00,,,,walk_away,12.0,12.0,,1,1,1,0,1,no_table,,0,
153_75,153,76,75,In house,3,10:55:00,11:40:00,11:40:00,12:30:00,13-14,queued_meal,45.0,45.0,50.0,1,0,1,1,1,documented,13 | 14,0,
153_76,153,77,76,In house,2,11:00:00,11:14:00,11:14:00,11:35:00,2A,queued_meal,14.0,14.0,21.0,1,0,1,1,1,documented,2A,0,
153_77,153,78,77,In house,1,11:14:00,11:15:00,,,,walk_away,1.0,1.0,,1,1,1,0,1,no_table,,0,
153_78,153,79,78,Walk in,,11:14:00,11:20:00,,,,walk_away,6.0,6.0,,1,1,1,0,0,no_table,,1,จำนวนคนไม่ถูกต้อง
153_79,153,80,79,In house,2,11:15:00,11:20:00,11:20:00,11:55:00,7A,queued_meal,5.0,5.0,35.0,1,0,1,1,1,documented,7A,0,
153_80,153,81,80,In house,2,11:15:00,11:23:00,11:23:00,12:20:00,1B,queued_meal,8.0,8.0,57.0,1,0,1,1,1,documented,1B,0,
153_81,153,82,81,In house,2,,,11:12:00,12:30:00,12,direct_meal,,,78.0,0,0,0,1,1,documented,12,0,
153_82,153,83,82,In house,1,,,11:25:00,12:00:00,12,direct_meal,,,35.0,0,0,0,1,1,documented,12,0,
153_83,153,84,83,In house,1,11:25:00,11:27:00,11:27:00,12:00:00,15B,queued_meal,2.0,2.0,33.0,1,0,1,1,1,needs_mapping,,1,รหัสโต๊ะต้องยืนยัน
153_84,153,85,84,In house,1,,,11:30:00,12:15:00,4B,direct_meal,,,45.0,0,0,0,1,1,documented,4B,0,
153_85,153,86,85,Walk in,1,,,11:40:00,12:30:00,12,direct_meal,,,50.0,0,0,0,1,1,documented,12,0,
153_86,153,87,86,In house,1,,,11:45:00,12:30:00,16,direct_meal,,,45.0,0,0,0,1,1,needs_mapping,,1,รหัสโต๊ะต้องยืนยัน
173_1,173,2,1,Walk in,1,,,06:36:00,09:18:00,10A,direct_meal,,,162.0,0,0,0,1,1,documented,10A,0,
173_2,173,3,2,Walk in,2,,,06:37:00,07:47:00,5,direct_meal,,,70.0,0,0,0,1,1,needs_mapping,,1,รหัสโต๊ะต้องยืนยัน
173_3,173,4,3,Walk in,1,,,06:40:00,09:00:00,6B,direct_meal,,,140.0,0,0,0,1,1,documented,6B,0,
173_4,173,5,4,In house,1,,,06:41:00,07:21:00,16,direct_meal,,,40.0,0,0,0,1,1,needs_mapping,,1,รหัสโต๊ะต้องยืนยัน
173_5,173,6,5,Walk in,2,,,06:52:00,07:54:00,7A,direct_meal,,,62.0,0,0,0,1,1,documented,7A,0,
173_6,173,7,6,Walk in,1,,,06:58:00,07:54:00,1A,direct_meal,,,56.0,0,0,0,1,1,documented,1A,0,
173_7,173,8,7,In house,1,,,07:00:00,07:23:00,1B,direct_meal,,,23.0,0,0,0,1,1,documented,1B,0,
173_8,173,9,8,In house,4,,,07:00:00,08:34:00,4,direct_meal,,,94.0,0,0,0,1,1,needs_mapping,,1,รหัสโต๊ะต้องยืนยัน
173_9,173,10,9,In house,1,,,07:05:00,07:30:00,8A,direct_meal,,,25.0,0,0,0,1,1,documented,8A,0,
173_10,173,11,10,In house,1,,,07:12:00,07:36:00,7B,direct_meal,,,24.0,0,0,0,1,1,documented,7B,0,
173_11,173,12,11,In house,2,,,07:13:00,07:56:00,8B,direct_meal,,,43.0,0,0,0,1,1,documented,8B,0,
173_12,173,13,12,In house,2,,,07:15:00,07:42:00,12,direct_meal,,,27.0,0,0,0,1,1,documented,12,0,
173_13,173,14,13,In house,2,,,07:20:00,07:56:00,4,direct_meal,,,36.0,0,0,0,1,1,needs_mapping,,1,รหัสโต๊ะต้องยืนยัน
173_14,173,15,14,Walk in,1,,,07:30:00,08:35:00,11A,direct_meal,,,65.0,0,0,0,1,1,documented,11A,0,
173_15,173,16,15,In house,1,,,07:30:00,07:41:00,3,direct_meal,,,11.0,0,0,0,1,1,needs_mapping,,1,รหัสโต๊ะต้องยืนยัน
173_16,173,17,16,Walk in,2,,,07:36:00,07:56:00,1B,direct_meal,,,20.0,0,0,0,1,1,documented,1B,0,
173_17,173,18,17,In house,1,,,07:35:00,08:02:00,8A,direct_meal,,,27.0,0,0,0,1,1,documented,8A,0,
173_18,173,19,18,Walk in,1,,,07:37:00,08:50:00,16,direct_meal,,,73.0,0,0,0,1,1,needs_mapping,,1,รหัสโต๊ะต้องยืนยัน
173_19,173,20,19,Walk in,2,,,07:40:00,11:20:00,6,direct_meal,,,220.0,0,0,0,1,1,needs_mapping,,1,รหัสโต๊ะต้องยืนยัน
173_20,173,21,20,Walk in,1,,,07:40:00,09:25:00,7B,direct_meal,,,105.0,0,0,0,1,1,documented,7B,0,
173_21,173,22,21,In house,1,,,07:41:00,07:59:00,7C,direct_meal,,,18.0,0,0,0,1,1,documented,7C,0,
173_22,173,23,22,In house,1,,,07:46:00,07:56:00,12,direct_meal,,,10.0,0,0,0,1,1,documented,12,0,
173_23,173,24,23,In house,2,,,07:48:00,08:46:00,3,direct_meal,,,58.0,0,0,0,1,1,needs_mapping,,1,รหัสโต๊ะต้องยืนยัน
173_24,173,25,24,Walk in,2,,,07:51:00,08:21:00,14,direct_meal,,,30.0,0,0,0,1,1,documented,14,0,
173_25,173,26,25,Walk in,6,,,07:56:00,08:56:00,4,direct_meal,,,60.0,0,0,0,1,1,needs_mapping,,1,รหัสโต๊ะต้องยืนยัน
173_26,173,27,26,Walk in,2,,,08:05:00,09:04:00,1A,direct_meal,,,59.0,0,0,0,1,1,documented,1A,0,
173_27,173,28,27,In house,2,,,08:05:00,08:52:00,8B,direct_meal,,,47.0,0,0,0,1,1,documented,8B,0,
173_28,173,29,28,Walk in,3,,,08:06:00,08:53:00,9,direct_meal,,,47.0,0,0,0,1,1,needs_mapping,,1,รหัสโต๊ะต้องยืนยัน
173_29,173,30,29,Walk in,1,,,08:16:00,09:29:00,8A,direct_meal,,,73.0,0,0,0,1,1,documented,8A,0,
173_30,173,31,30,In house,2,,,08:23:00,09:07:00,12,direct_meal,,,44.0,0,0,0,1,1,documented,12,0,
173_31,173,32,31,Walk in,2,,,08:24:00,09:49:00,1B,direct_meal,,,85.0,0,0,0,1,1,documented,1B,0,
173_32,173,33,32,Walk in,1,,,08:33:00,09:13:00,2B,direct_meal,,,40.0,0,0,0,1,1,documented,2B,0,
173_33,173,34,33,In house,2,,,08:43:00,09:21:00,7A,direct_meal,,,38.0,0,0,0,1,1,documented,7A,0,
173_34,173,35,34,Walk in,2,,,08:41:00,09:31:00,14,direct_meal,,,50.0,0,0,0,1,1,documented,14,0,
173_35,173,36,35,Walk in,1,,,08:43:00,09:20:00,8C,direct_meal,,,37.0,0,0,0,1,1,documented,8C,0,
173_36,173,37,36,In house,2,,,08:50:00,09:30:00,11B,direct_meal,,,40.0,0,0,0,1,1,documented,11B,0,
173_37,173,38,37,In house,1,,,08:56:00,09:12:00,15,direct_meal,,,16.0,0,0,0,1,1,documented,15,0,
173_38,173,39,38,Walk in,1,,,09:05:00,09:37:00,16,direct_meal,,,32.0,0,0,0,1,1,needs_mapping,,1,รหัสโต๊ะต้องยืนยัน
173_39,173,40,39,Walk in,2,,,09:05:00,11:15:00,4,direct_meal,,,130.0,0,0,0,1,1,needs_mapping,,1,รหัสโต๊ะต้องยืนยัน
173_40,173,41,40,In house,2,,,09:10:00,10:22:00,8B,direct_meal,,,72.0,0,0,0,1,1,documented,8B,0,
173_41,173,42,41,Walk in,2,,,09:14:00,10:23:00,1A,direct_meal,,,69.0,0,0,0,1,1,documented,1A,0,
173_42,173,43,42,Walk in,1,,,09:16:00,10:46:00,1B,direct_meal,,,90.0,0,0,0,1,1,documented,1B,0,
173_43,173,44,43,In house,3,,,09:30:00,10:06:00,11,direct_meal,,,36.0,0,0,0,1,1,needs_mapping,,1,รหัสโต๊ะต้องยืนยัน
173_44,173,45,44,In house,1,,,09:32:00,09:53:00,7A,direct_meal,,,21.0,0,0,0,1,1,documented,7A,0,
173_45,173,46,45,In house,3,,,09:35:00,10:23:00,10,direct_meal,,,48.0,0,0,0,1,1,needs_mapping,,1,รหัสโต๊ะต้องยืนยัน
173_46,173,47,46,In house,1,,,08:36:00,12:13:00,8A,direct_meal,,,217.0,0,0,0,1,1,documented,8A,0,
173_47,173,48,47,In house,2,,,09:41:00,10:06:00,2,direct_meal,,,25.0,0,0,0,1,1,needs_mapping,,1,รหัสโต๊ะต้องยืนยัน
173_48,173,49,48,In house,2,,,09:45:00,10:18:00,16,direct_meal,,,33.0,0,0,0,1,1,needs_mapping,,1,รหัสโต๊ะต้องยืนยัน
173_49,173,50,49,Walk in,2,,,09:50:00,11:51:00,4,direct_meal,,,121.0,0,0,0,1,1,needs_mapping,,1,รหัสโต๊ะต้องยืนยัน
173_50,173,51,50,Walk in,2,,,09:52:00,11:00:00,7A,direct_meal,,,68.0,0,0,0,1,1,documented,7A,0,
173_51,173,52,51,In house,2,,,09:54:00,10:54:00,5B,direct_meal,,,60.0,0,0,0,1,1,documented,5B,0,
173_52,173,53,52,In house,1,,,08:54:00,10:58:00,5A,direct_meal,,,124.0,0,0,0,1,1,documented,5A,0,
173_53,173,54,53,Walk in,1,,,10:09:00,10:25:00,12,direct_meal,,,16.0,0,0,0,1,1,documented,12,0,
173_54,173,55,54,In house,1,,,10:10:00,11:24:00,3,direct_meal,,,74.0,0,0,0,1,1,needs_mapping,,1,รหัสโต๊ะต้องยืนยัน
173_55,173,56,55,Walk in,2,,,10:11:00,10:43:00,9,direct_meal,,,32.0,0,0,0,1,1,needs_mapping,,1,รหัสโต๊ะต้องยืนยัน
173_56,173,57,56,Walk in,2,,,10:20:00,12:15:00,2,direct_meal,,,115.0,0,0,0,1,1,needs_mapping,,1,รหัสโต๊ะต้องยืนยัน
173_57,173,58,57,Walk in,1,,,10:28:00,11:08:00,1A,direct_meal,,,40.0,0,0,0,1,1,documented,1A,0,
173_58,173,59,58,In house,3,,,10:35:00,11:23:00,7B/7A,direct_meal,,,48.0,0,0,0,1,1,slash_needs_confirmation,,1,รหัสโต๊ะต้องยืนยัน
173_59,173,60,59,Walk in,2,,,10:37:00,11:09:00,10,direct_meal,,,32.0,0,0,0,1,1,needs_mapping,,1,รหัสโต๊ะต้องยืนยัน
173_60,173,61,60,Walk in,3,,,10:39:00,12:11:00,15,direct_meal,,,92.0,0,0,0,1,1,documented,15,0,
173_61,173,62,61,In house,2,,,10:40:00,11:24:00,14,direct_meal,,,44.0,0,0,0,1,1,documented,14,0,
173_62,173,63,62,Walk in,2,,,10:44:00,11:40:00,16,direct_meal,,,56.0,0,0,0,1,1,needs_mapping,,1,รหัสโต๊ะต้องยืนยัน
173_63,173,64,63,In house,1,,,10:50:00,11:30:00,8C,direct_meal,,,40.0,0,0,0,1,1,documented,8C,0,
173_64,173,65,64,Walk in,2,,,11:04:00,12:02:00,5,direct_meal,,,58.0,0,0,0,1,1,needs_mapping,,1,รหัสโต๊ะต้องยืนยัน
173_65,173,66,65,Walk in,1,,,11:05:00,11:25:00,6B,direct_meal,,,20.0,0,0,0,1,1,documented,6B,0,
173_66,173,67,66,Walk in,1,,,11:21:00,11:39:00,7A,direct_meal,,,18.0,0,0,0,1,1,documented,7A,0,
173_67,173,68,67,In house,2,,,11:24:00,11:48:00,9,direct_meal,,,24.0,0,0,0,1,1,needs_mapping,,1,รหัสโต๊ะต้องยืนยัน
173_68,173,69,68,Walk in,1,,,11:23:00,12:02:00,1,direct_meal,,,39.0,0,0,0,1,1,needs_mapping,,1,รหัสโต๊ะต้องยืนยัน
173_69,173,70,69,In house,1,,,11:43:00,12:04:00,7B,direct_meal,,,21.0,0,0,0,1,1,documented,7B,0,
183_1,183,2,1,Walk in,1,,,06:26:00,08:42:00,4A,direct_meal,,,136.0,0,0,0,1,1,documented,4A,0,
183_2,183,3,2,Walk in,2,,,06:44:00,07:44:00,11,direct_meal,,,60.0,0,0,0,1,1,needs_mapping,,1,รหัสโต๊ะต้องยืนยัน
183_3,183,4,3,Walk in,1,,,06:58:00,08:46:00,7A,direct_meal,,,108.0,0,0,0,1,1,documented,7A,0,
183_4,183,5,4,In house,2,,,07:07:00,07:53:00,16,direct_meal,,,46.0,0,0,0,1,1,needs_mapping,,1,รหัสโต๊ะต้องยืนยัน
183_5,183,6,5,In house,1,,,,,8A,direct_meal,,,,0,0,0,0,1,documented,8A,1,เวลาเริ่มกินก่อน 06:00 ต้องยืนยัน
183_6,183,7,6,In house,1,,,07:34:00,07:47:00,8C,direct_meal,,,13.0,0,0,0,1,1,documented,8C,0,
183_7,183,8,7,In house,1,,,07:35:00,07:45:00,6,direct_meal,,,10.0,0,0,0,1,1,needs_mapping,,1,รหัสโต๊ะต้องยืนยัน
183_8,183,9,8,In house,1,,,07:44:00,07:59:00,10B,direct_meal,,,15.0,0,0,0,1,1,documented,10B,0,
183_9,183,10,9,In house,2,,,07:45:00,08:07:00,1,direct_meal,,,22.0,0,0,0,1,1,needs_mapping,,1,รหัสโต๊ะต้องยืนยัน
183_10,183,11,10,In house,2,,,07:46:00,09:27:00,6,direct_meal,,,101.0,0,0,0,1,1,needs_mapping,,1,รหัสโต๊ะต้องยืนยัน
183_11,183,12,11,In house,1,,,07:49:00,08:13:00,7B,direct_meal,,,24.0,0,0,0,1,1,documented,7B,0,
183_12,183,13,12,Walk in,1,,,07:55:00,09:21:00,8A,direct_meal,,,86.0,0,0,0,1,1,documented,8A,0,
183_13,183,14,13,Walk in,1,,,07:58:00,08:59:00,4B,direct_meal,,,61.0,0,0,0,1,1,documented,4B,0,
183_14,183,15,14,Walk in,2,,,08:03:00,08:35:00,16,direct_meal,,,32.0,0,0,0,1,1,needs_mapping,,1,รหัสโต๊ะต้องยืนยัน
183_15,183,16,15,In house,2,,,08:05:00,08:50:00,10B,direct_meal,,,45.0,0,0,0,1,1,documented,10B,0,
183_16,183,17,16,In house,2,,,08:06:00,08:36:00,11A,direct_meal,,,30.0,0,0,0,1,1,documented,11A,0,
183_17,183,18,17,Walk in,1,,,08:15:00,09:00:00,1A,direct_meal,,,45.0,0,0,0,1,1,documented,1A,0,
183_18,183,19,18,Walk in,1,,,08:16:00,09:54:00,1B,direct_meal,,,98.0,0,0,0,1,1,documented,1B,0,
183_19,183,20,19,Walk in,1,,,08:18:00,09:37:00,7B,direct_meal,,,79.0,0,0,0,1,1,documented,7B,0,
183_20,183,21,20,In house,2,,,08:25:00,09:05:00,3,direct_meal,,,40.0,0,0,0,1,1,needs_mapping,,1,รหัสโต๊ะต้องยืนยัน
183_21,183,22,21,In house,2,,,08:28:00,09:06:00,8B,direct_meal,,,38.0,0,0,0,1,1,documented,8B,0,
183_22,183,23,22,Walk in,2,,,08:29:00,09:19:00,15,direct_meal,,,50.0,0,0,0,1,1,documented,15,0,
183_23,183,24,23,In house,4,,,08:30:00,09:10:00,2,direct_meal,,,40.0,0,0,0,1,1,needs_mapping,,1,รหัสโต๊ะต้องยืนยัน
183_24,183,25,24,Walk in,1,,,08:40:00,09:29:00,16,direct_meal,,,49.0,0,0,0,1,1,needs_mapping,,1,รหัสโต๊ะต้องยืนยัน
183_25,183,26,25,In house,2,,,08:42:00,09:35:00,11B,direct_meal,,,53.0,0,0,0,1,1,documented,11B,0,
183_26,183,27,26,In house,3,,,08:43:00,08:58:00,5,direct_meal,,,15.0,0,0,0,1,1,needs_mapping,,1,รหัสโต๊ะต้องยืนยัน
183_27,183,28,27,In house,1,,,08:44:00,09:13:00,7B,direct_meal,,,29.0,0,0,0,1,1,documented,7B,0,
183_28,183,29,28,Walk in,5,,,08:47:00,10:26:00,12/13,direct_meal,,,99.0,0,0,0,1,1,slash_needs_confirmation,,1,รหัสโต๊ะต้องยืนยัน
183_29,183,30,29,Walk in,1,,,08:49:00,09:25:00,4A,direct_meal,,,36.0,0,0,0,1,1,documented,4A,0,
183_30,183,31,30,In house,1,,,08:49:00,10:55:00,7A,direct_meal,,,126.0,0,0,0,1,1,documented,7A,0,
183_31,183,32,31,In house,1,,,08:43:00,09:35:00,14,direct_meal,,,52.0,0,0,0,1,1,documented,14,0,
183_32,183,33,32,In house,2,,,09:00:00,10:00:00,5B,direct_meal,,,60.0,0,0,0,1,1,documented,5B,0,
183_33,183,34,33,Walk in,1,,,09:08:00,10:03:00,8B,direct_meal,,,55.0,0,0,0,1,1,documented,8B,0,
183_34,183,35,34,In house,2,,,09:11:00,10:11:00,1A,direct_meal,,,60.0,0,0,0,1,1,documented,1A,0,
183_35,183,36,35,Walk in,4,,,09:12:00,10:08:00,9,direct_meal,,,56.0,0,0,0,1,1,needs_mapping,,1,รหัสโต๊ะต้องยืนยัน
183_36,183,37,36,Walk in,2,,,09:13:00,10:05:00,3,direct_meal,,,52.0,0,0,0,1,1,needs_mapping,,1,รหัสโต๊ะต้องยืนยัน
183_37,183,38,37,Walk in,2,,,09:20:00,09:54:00,4B/5A,direct_meal,,,34.0,0,0,0,1,1,slash_needs_confirmation,,1,รหัสโต๊ะต้องยืนยัน
183_38,183,39,38,Walk in,2,,,09:22:00,10:15:00,15,direct_meal,,,53.0,0,0,0,1,1,documented,15,0,
183_39,183,40,39,Walk in,1,,,09:37:00,10:46:00,4A,direct_meal,,,69.0,0,0,0,1,1,documented,4A,0,
183_40,183,41,40,Walk in,1,,,09:47:00,12:10:00,6B,direct_meal,,,143.0,0,0,0,1,1,documented,6B,0,
183_41,183,42,41,Walk in,1,,,09:48:00,10:45:00,6A,direct_meal,,,57.0,0,0,0,1,1,documented,6A,0,
183_42,183,43,42,Walk in,4,,,09:49:00,11:41:00,2,direct_meal,,,112.0,0,0,0,1,1,needs_mapping,,1,รหัสโต๊ะต้องยืนยัน
183_43,183,44,43,Walk in,2,,,09:56:00,10:45:00,16,direct_meal,,,49.0,0,0,0,1,1,needs_mapping,,1,รหัสโต๊ะต้องยืนยัน
183_44,183,45,44,In house,2,,,09:58:00,10:17:00,7B,direct_meal,,,19.0,0,0,0,1,1,documented,7B,0,
183_45,183,46,45,In house,2,,,09:59:00,10:28:00,14,direct_meal,,,29.0,0,0,0,1,1,documented,14,0,
183_46,183,47,46,In house,2,,,10:03:00,10:49:00,1B,direct_meal,,,46.0,0,0,0,1,1,documented,1B,0,
183_47,183,48,47,In house,3,,,10:05:00,11:02:00,4B/5A,direct_meal,,,57.0,0,0,0,1,1,slash_needs_confirmation,,1,รหัสโต๊ะต้องยืนยัน
183_48,183,49,48,In house,2,,,10:10:00,10:52:00,11A,direct_meal,,,42.0,0,0,0,1,1,documented,11A,0,
183_49,183,50,49,Walk in,2,,,10:16:00,11:02:00,8A,direct_meal,,,46.0,0,0,0,1,1,documented,8A,0,
183_50,183,51,50,Walk in,1,,,10:19:00,11:30:00,1A,direct_meal,,,71.0,0,0,0,1,1,documented,1A,0,
183_51,183,52,51,Walk in,4,,,10:28:00,12:15:00,9,direct_meal,,,107.0,0,0,0,1,1,needs_mapping,,1,รหัสโต๊ะต้องยืนยัน
183_52,183,53,52,In house,1,,,10:30:00,11:28:00,14,direct_meal,,,58.0,0,0,0,1,1,documented,14,0,
183_53,183,54,53,In house,1,,,10:30:00,11:13:00,8C,direct_meal,,,43.0,0,0,0,1,1,documented,8C,0,
183_54,183,55,54,Walk in,2,,,10:36:00,11:50:00,7B,direct_meal,,,74.0,0,0,0,1,1,documented,7B,0,
183_55,183,56,55,In house,1,,,10:38:00,11:58:00,10B,direct_meal,,,80.0,0,0,0,1,1,documented,10B,0,
183_56,183,57,56,Walk in,2,,,10:34:00,11:24:00,15,direct_meal,,,50.0,0,0,0,1,1,documented,15,0,
183_57,183,58,57,In house,2,,,10:35:00,11:12:00,3,direct_meal,,,37.0,0,0,0,1,1,needs_mapping,,1,รหัสโต๊ะต้องยืนยัน
183_58,183,59,58,Walk in,1,,,10:39:00,13:30:00,1B,direct_meal,,,171.0,0,0,0,1,1,documented,1B,0,
183_59,183,60,59,Walk in,3,,,10:41:00,11:40:00,12/13,direct_meal,,,59.0,0,0,0,1,1,slash_needs_confirmation,,1,รหัสโต๊ะต้องยืนยัน
183_60,183,61,60,Walk in,2,,,10:54:00,11:58:00,16,direct_meal,,,64.0,0,0,0,1,1,needs_mapping,,1,รหัสโต๊ะต้องยืนยัน
183_61,183,62,61,Walk in,1,,,10:56:00,11:39:00,4A,direct_meal,,,43.0,0,0,0,1,1,documented,4A,0,
183_62,183,63,62,In house,1,,,,,5B,direct_meal,,,,0,0,0,0,1,documented,5B,1,เวลานั่งติดลบ
183_63,183,64,63,In house,2,,,11:00:00,11:59:00,7A,direct_meal,,,59.0,0,0,0,1,1,documented,7A,0,
183_64,183,65,64,Walk in,1,,,11:08:00,11:44:00,8A,direct_meal,,,36.0,0,0,0,1,1,documented,8A,0,
183_65,183,66,65,In house,3,,,11:10:00,12:14:00,11A/11B,direct_meal,,,64.0,0,0,0,1,1,slash_needs_confirmation,,1,รหัสโต๊ะต้องยืนยัน
183_66,183,67,66,In house,2,,,11:28:00,11:51:00,15,direct_meal,,,23.0,0,0,0,1,1,documented,15,0,
183_67,183,68,67,In house,1,,,11:29:00,12:14:00,7C,direct_meal,,,45.0,0,0,0,1,1,documented,7C,0,
183_68,183,69,68,Walk in,1,,,11:39:00,13:30:00,4,direct_meal,,,111.0,0,0,0,1,1,needs_mapping,,1,รหัสโต๊ะต้องยืนยัน
183_69,183,70,69,In house,1,,,11:40:00,11:54:00,8B,direct_meal,,,14.0,0,0,0,1,1,documented,8B,0,
183_70,183,71,70,In house,1,,,11:43:00,12:20:00,5A,direct_meal,,,37.0,0,0,0,1,1,documented,5A,0,
